Workbook

Sheet 問題集①
B2: 実際に出るとは限らんから気休め程度に！ Lets' Gooooo! 画像問題（コマンド問題）の資料が圧倒的に足りません
B3: CCST Networking 練習問題集
B4: 「あなたの回答」セルをクリック → ドロップダウンで A〜D を選択 → 自動で結果と解説が表示されるで！
B6: Q01 ／ 50
B7: IPv6アドレス 2001:0db8:0000:0016:0000:001b:2000:0056 の最も圧縮された有効な形式はどれか？
B8: A | C8: 2001:db8::16::1b:2:56
B9: B | C9: 2001:db8::16::1b:2000:56
B10: C | C10: 2001:db8:16::1b:2:56
B11: D | C11: 2001:db8:0:16::1b:2000:56
B12: あなたの回答
B13: 結果 | C13: =IF(C12="","← A〜Dを選んでや！",IF(C12="D","✅ 正解！ 素晴らしいで～！","❌ 不正解... 正解は D やで！")) -> ← A〜Dを選んでや！
B14: 解説 | C14: =IF(C12="","回答を選んでから解説が表示されるで！","正解は D やで！ 先頭のゼロを省略して、連続するゼログループを :: で置き換えるんやけど、:: は1箇所にしか使えへんルールがあるで！ → 2001:db8:0:16::1b:2000:56 が答えやで～") -> 回答を選んでから解説が表示されるで！
B16: Q02 ／ 50
B17: コマンド出力（CDP情報）
B19: 以下のコマンド出力を表示するCiscoコマンドはどれか？
B20: A | C20: show mac-address-table
B21: B | C21: show cdp neighbor
B22: C | C22: show inventory
B23: D | C23: show ip interface
B24: あなたの回答
B25: 結果 | C25: =IF(C24="","← A〜Dを選んでや！",IF(C24="B","✅ 正解！ 素晴らしいで～！","❌ 不正解... 正解は B やで！")) -> ← A〜Dを選んでや！
B26: 解説 | C26: =IF(C24="","回答を選んでから解説が表示されるで！","正解は B やで！ show cdp neighbor は隣接するCiscoデバイスの情報を表示するコマンドやで！ Capability Codes・Device ID・Local Interface・Holdtimeなどが表示されるのがCDPの特徴やで～") -> 回答を選んでから解説が表示されるで！
B28: Q03 ／ 50
B29: UDPセグメントのヘッダーに含まれる情報はどれか？
B30: A | C30: IPアドレス
B31: B | C31: シーケンス番号
B32: C | C32: ポート番号
B33: D | C33: MACアドレス
B34: あなたの回答
B35: 結果 | C35: =IF(C34="","← A〜Dを選んでや！",IF(C34="C","✅ 正解！ 素晴らしいで～！","❌ 不正解... 正解は C やで！")) -> ← A〜Dを選んでや！
B36: 解説 | C36: =IF(C34="","回答を選んでから解説が表示されるで！","正解は C やで！ UDPヘッダーには送信元・宛先のポート番号が入っとるで！ IPアドレスはIPヘッダー、MACアドレスはEthernetフレーム、シーケンス番号はTCPの話やで。") -> 回答を選んでから解説が表示されるで！
B38: Q04 ／ 50
B39: tracert 192.168.1.10 の出力
B41: 以下のtracertコマンド出力から何がわかるか？
B42: A | C42: ホップ3のルーターがパケットを転送していない
B43: B | C43: 192.168.1.10 はホップ3のFWでブロックされている
B44: C | C44: 192.168.1.10 のサーバーはネットワーク経由で到達可能
B45: D | C45: Webサーバーへのリクエストが遅延してタイムアウト
B46: あなたの回答
B47: 結果 | C47: =IF(C46="","← A〜Dを選んでや！",IF(C46="C","✅ 正解！ 素晴らしいで～！","❌ 不正解... 正解は C やで！")) -> ← A〜Dを選んでや！
B48: 解説 | C48: =IF(C46="","回答を選んでから解説が表示されるで！","正解は C やで！ ホップ3が * でも後続のホップ4・5が応答して最終的に 192.168.1.10 に到達できとるから「到達可能」が正解やで！ ホップ3はICMPに返答しない設定なだけかもしれへんしな～") -> 回答を選んでから解説が表示されるで！
B50: Q05 ／ 50
B51: IPアドレス 172.16.100.25、サブネットマスク 255.255.252.0 のCIDR表記はどれか？
B52: A | C52: 172.16.100.25/23
B53: B | C53: 172.16.100.25/20
B54: C | C54: 172.16.100.25/21
B55: D | C55: 172.16.100.25/22
B56: あなたの回答
B57: 結果 | C57: =IF(C56="","← A〜Dを選んでや！",IF(C56="D","✅ 正解！ 素晴らしいで～！","❌ 不正解... 正解は D やで！")) -> ← A〜Dを選んでや！
B58: 解説 | C58: =IF(C56="","回答を選んでから解説が表示されるで！","正解は D やで！ 255.255.252.0 を2進数にすると 11111111.11111111.11111100.00000000 やで。 1の数を数えると 8+8+6=22 → /22 が正解！") -> 回答を選んでから解説が表示されるで！
B60: Q06 ／ 50
B61: AAAセキュリティモデルで「身元確認」を提供するコンポーネントはどれか？
B62: A | C62: 認可（Authorization）
B63: B | C63: 監査（Auditing）
B64: C | C64: 認証（Authentication）
B65: D | C65: アカウンティング（Accounting）
B66: あなたの回答
B67: 結果 | C67: =IF(C66="","← A〜Dを選んでや！",IF(C66="C","✅ 正解！ 素晴らしいで～！","❌ 不正解... 正解は C やで！")) -> ← A〜Dを選んでや！
B68: 解説 | C68: =IF(C66="","回答を選んでから解説が表示されるで！","正解は C やで！ AAA = Authentication（認証）・Authorization（認可）・Accounting（アカウンティング）やで！ 「誰やねん？」って確認するのが認証やで～") -> 回答を選んでから解説が表示されるで！
B70: Q07 ／ 50
B71: 1000BASE-Tケーブルでコンピューターとスイッチを接続する場合、使用するコネクターはどれか？
B72: A | C72: Coax（同軸）
B73: B | C73: RJ-11
B74: C | C74: OS2 LC
B75: D | C75: RJ-45
B76: あなたの回答
B77: 結果 | C77: =IF(C76="","← A〜Dを選んでや！",IF(C76="D","✅ 正解！ 素晴らしいで～！","❌ 不正解... 正解は D やで！")) -> ← A〜Dを選んでや！
B78: 解説 | C78: =IF(C76="","回答を選んでから解説が表示されるで！","正解は D やで！ 1000BASE-TはGigabit Ethernet（ツイストペアケーブル）やで！コネクターはRJ-45（8ピン）を使うんやで。") -> 回答を選んでから解説が表示されるで！
B80: Q08 ／ 50
B81: クラウドサービスモデルの例
B83: 以下の図を参照。「仮想ネットワークで繋がれた3つの仮想マシン」に該当するクラウドサービスモデルはどれか？
B84: A | C84: IaaS
B85: B | C85: PaaS
B86: C | C86: SaaS
B87: D | C87: DaaS
B88: あなたの回答
B89: 結果 | C89: =IF(C88="","← A〜Dを選んでや！",IF(C88="A","✅ 正解！ 素晴らしいで～！","❌ 不正解... 正解は A やで！")) -> ← A〜Dを選んでや！
B90: 解説 | C90: =IF(C88="","回答を選んでから解説が表示されるで！","正解は A やで！ 仮想マシンやネットワークなどのインフラを提供するのがIaaSやで！ 【図の全問正解】仮想VM→IaaS、グラフィックアプリ→SaaS、アプリ開発→PaaS やで！") -> 回答を選んでから解説が表示されるで！
B92: Q09 ／ 50
B93: 帯域幅とスループットのTrue/False問題
B95: 以下の図を参照。「Low bandwidth can increase network latency」はTrue/Falseのどちらか？
B96: A | C96: True（正しい）
B97: B | C97: False（間違い）
B98: C | C98: どちらとも言えない
B99: D | C99: 条件による
B100: あなたの回答
B101: 結果 | C101: =IF(C100="","← A〜Dを選んでや！",IF(C100="A","✅ 正解！ 素晴らしいで～！","❌ 不正解... 正解は A やで！")) -> ← A〜Dを選んでや！
B102: 解説 | C102: =IF(C100="","回答を選んでから解説が表示されるで！","正解は A（True）やで！ 帯域幅が低いとデータが詰まって遅延（レイテンシー）が増えるんやで。 【図の全答】Low bandwidth→latency増加：True、High latency→bandwidth減少：False、レイテンシー減少→スループット増加：True") -> 回答を選んでから解説が表示されるで！
B104: Q10 ／ 50
B105: 外部Webページだけ表示されない（他は接続可能）。問題箇所を特定するためのコマンドはどれか？
B106: A | C106: ping -t
B107: B | C107: tracert
B108: C | C108: ipconfig /all
B109: D | C109: nslookup
B110: あなたの回答
B111: 結果 | C111: =IF(C110="","← A〜Dを選んでや！",IF(C110="B","✅ 正解！ 素晴らしいで～！","❌ 不正解... 正解は B やで！")) -> ← A〜Dを選んでや！
B112: 解説 | C112: =IF(C110="","回答を選んでから解説が表示されるで！","正解は B やで！ tracert はパケットが通る経路を追跡して、どこで問題が起きとるかを表示してくれるで！ 経路追跡 = tracert！") -> 回答を選んでから解説が表示されるで！
B114: Q11 ／ 50
B115: Wi-Fiネットワークの仕様を定めている標準規格はどれか？
B116: A | C116: GSM
...

Sheet 問題集②
B2: CCST Networking 練習問題集
B3: 「あなたの回答」セルをクリック → ドロップダウンで A〜D を選択 → 自動で結果と解説が表示されます
B5: Q01 ／ 50
B6: TCP/IPモデルの4層を上から正しく並べたものはどれか？
B7: A | C7: アプリケーション／トランスポート／インターネット／ネットワークインターフェース
B8: B | C8: アプリケーション／セッション／トランスポート／ネットワーク
B9: C | C9: アプリケーション／インターネット／トランスポート／物理
B10: D | C10: セッション／プレゼンテーション／データリンク／物理
B11: あなたの回答
B12: 結果 | C12: =IF(C11="","← A〜D を選択してください",IF(C11="A","✅ 正解！ 素晴らしいです！","❌ 不正解... 正解は A です！")) -> ← A〜D を選択してください
B13: 解説 | C13: =IF(C11="","回答を選択すると解説が表示されます","正解はAです。 TCP/IPモデルは上から「アプリケーション層→トランスポート層→インターネット層→ネットワークインターフェース層」の4層構成です。 OSIの7層モデルと混同しないよう注意しましょう。") -> 回答を選択すると解説が表示されます
B15: Q02 ／ 50
B16: OSIモデルでルーティング（IPアドレスを使ったパケット転送）を担当する層はどれか？
B17: A | C17: 第2層（データリンク層）
B18: B | C18: 第3層（ネットワーク層）
B19: C | C19: 第4層（トランスポート層）
B20: D | C20: 第7層（アプリケーション層）
B21: あなたの回答
B22: 結果 | C22: =IF(C21="","← A〜D を選択してください",IF(C21="B","✅ 正解！ 素晴らしいです！","❌ 不正解... 正解は B です！")) -> ← A〜D を選択してください
B23: 解説 | C23: =IF(C21="","回答を選択すると解説が表示されます","正解はBです。 IPアドレスを使ったルーティングはネットワーク層（第3層）の仕事です。 データリンク層はMACアドレス、トランスポート層はTCP/UDPを扱います。Layer 3 = ルーティングと覚えましょう。") -> 回答を選択すると解説が表示されます
B25: Q03 ／ 50
B26: 「フレーム」と「パケット」の説明として正しいのはどれか？
B27: A | C27: フレームはLayer 3、パケットはLayer 2のデータ単位
B28: B | C28: フレームはLayer 2、パケットはLayer 3のデータ単位
B29: C | C29: フレームとパケットは同義
B30: D | C30: パケットはLayer 1のデータ単位
B31: あなたの回答
B32: 結果 | C32: =IF(C31="","← A〜D を選択してください",IF(C31="B","✅ 正解！ 素晴らしいです！","❌ 不正解... 正解は B です！")) -> ← A〜D を選択してください
B33: 解説 | C33: =IF(C31="","回答を選択すると解説が表示されます","正解はBです。 フレームはデータリンク層（Layer 2）のデータ単位でMACアドレスを含みます。 パケットはネットワーク層（Layer 3）のデータ単位でIPアドレスを含みます。 Layer 2 = フレーム、Layer 3 = パケットと覚えましょう。") -> 回答を選択すると解説が表示されます
B35: Q04 ／ 50
B36: 帯域幅（Bandwidth）とスループット（Throughput）の説明として正しいのはどれか？
B37: A | C37: 帯域幅は実際の転送速度、スループットは理論上の最大速度
B38: B | C38: 帯域幅は理論上の最大速度、スループットは実際の転送速度
B39: C | C39: どちらも同じ意味で使われる
B40: D | C40: スループットはレイテンシーと同義
B41: あなたの回答
B42: 結果 | C42: =IF(C41="","← A〜D を選択してください",IF(C41="B","✅ 正解！ 素晴らしいです！","❌ 不正解... 正解は B です！")) -> ← A〜D を選択してください
B43: 解説 | C43: =IF(C41="","回答を選択すると解説が表示されます","正解はBです。 帯域幅は「最大で出せる速度（理論値）」、スループットは「実際に出ている速度（実測値）」です。 高速道路の速度制限が帯域幅、実際に走っている速度がスループットのイメージです。") -> 回答を選択すると解説が表示されます
B45: Q05 ／ 50
B46: 「低帯域幅はネットワーク遅延（レイテンシー）を増加させる可能性がある」という記述は正しいか？
B47: A | C47: True（正しい）
B48: B | C48: False（間違い）
B49: C | C49: 帯域幅とレイテンシーは無関係
B50: D | C50: 状況による
B51: あなたの回答
B52: 結果 | C52: =IF(C51="","← A〜D を選択してください",IF(C51="A","✅ 正解！ 素晴らしいです！","❌ 不正解... 正解は A です！")) -> ← A〜D を選択してください
B53: 解説 | C53: =IF(C51="","回答を選択すると解説が表示されます","正解はA（True）です。 帯域幅が低いとデータが滞留して待ち時間（レイテンシー）が増加します。 高速道路の車線が少ないと渋滞が発生するのと同じ原理です。") -> 回答を選択すると解説が表示されます
B55: Q06 ／ 50
B56: LAN・WAN・MAN・PANの説明として正しいものはどれか？
B57: A | C57: PANは都市規模のネットワーク
B58: B | C58: MANはLANより狭い範囲をカバーする
B59: C | C59: LANは建物・フロア等の小規模ネットワーク、WANは広域ネットワーク
B60: D | C60: WANは個人周辺の超短距離ネットワーク
B61: あなたの回答
B62: 結果 | C62: =IF(C61="","← A〜D を選択してください",IF(C61="C","✅ 正解！ 素晴らしいです！","❌ 不正解... 正解は C です！")) -> ← A〜D を選択してください
B63: 解説 | C63: =IF(C61="","回答を選択すると解説が表示されます","正解はCです。 LAN（Local）= 建物・オフィス内の小規模ネットワーク WAN（Wide）= 都市・国をまたぐ広域ネットワーク MAN（Metropolitan）= 都市規模のネットワーク PAN（Personal）= Bluetooth等の個人周辺ネットワーク") -> 回答を選択すると解説が表示されます
B65: Q07 ／ 50
B66: 「携帯電話がBluetoothヘッドセットに接続」のネットワークタイプはどれか？
B67: A | C67: LAN
B68: B | C68: WAN
B69: C | C69: MAN
B70: D | C70: PAN
B71: あなたの回答
B72: 結果 | C72: =IF(C71="","← A〜D を選択してください",IF(C71="D","✅ 正解！ 素晴らしいです！","❌ 不正解... 正解は D です！")) -> ← A〜D を選択してください
B73: 解説 | C73: =IF(C71="","回答を選択すると解説が表示されます","正解はDです。 個人の周辺の超短距離ネットワークはPAN（Personal Area Network）です。 Bluetooth・USBでの接続がPANの代表例です。") -> 回答を選択すると解説が表示されます
B75: Q08 ／ 50
B76: 「同じ市内の3つの政府ビルがケーブル会社の同軸ケーブルで接続」のネットワークタイプはどれか？
B77: A | C77: LAN
B78: B | C78: WAN
B79: C | C79: MAN
B80: D | C80: PAN
B81: あなたの回答
B82: 結果 | C82: =IF(C81="","← A〜D を選択してください",IF(C81="C","✅ 正解！ 素晴らしいです！","❌ 不正解... 正解は C です！")) -> ← A〜D を選択してください
B83: 解説 | C83: =IF(C81="","回答を選択すると解説が表示されます","正解はCです。 都市規模のネットワークはMAN（Metropolitan Area Network）です。 LANより広く、WANより狭い、市内の複数拠点を繋ぐネットワークがMANです。") -> 回答を選択すると解説が表示されます
B85: Q09 ／ 50
B86: 物理的ネットワークトポロジーのうち「スター型」の特徴はどれか？
B87: A | C87: 全デバイスが一本のケーブルに接続される
B88: B | C88: 全デバイスが中央のスイッチ/ハブに接続される
B89: C | C89: 全デバイスがリング状に接続される
B90: D | C90: 各デバイスが他の全デバイスと直接接続される
B91: あなたの回答
B92: 結果 | C92: =IF(C91="","← A〜D を選択してください",IF(C91="B","✅ 正解！ 素晴らしいです！","❌ 不正解... 正解は B です！")) -> ← A〜D を選択してください
B93: 解説 | C93: =IF(C91="","回答を選択すると解説が表示されます","正解はBです。 スター型トポロジーは全デバイスが中央のスイッチやハブに集中して接続される形態です。 現在のLANで最も一般的なトポロジーで、1か所が故障しても他への影響が少ない利点があります。") -> 回答を選択すると解説が表示されます
B95: Q10 ／ 50
B96: クラウドサービスモデルで「仮想マシン・仮想ネットワークなどのインフラを提供する」のはどれか？
B97: A | C97: SaaS
B98: B | C98: PaaS
B99: C | C99: IaaS
B100: D | C100: DaaS
B101: あなたの回答
B102: 結果 | C102: =IF(C101="","← A〜D を選択してください",IF(C101="C","✅ 正解！ 素晴らしいです！","❌ 不正解... 正解は C です！")) -> ← A〜D を選択してください
B103: 解説 | C103: =IF(C101="","回答を選択すると解説が表示されます","正解はCです。 IaaS（Infrastructure as a Service）は仮想マシン・ストレージ・ネットワークなどのインフラを提供するサービスモデルです。 PaaSは開発プラットフォーム、SaaSはアプリをそのまま提供するサービスです。") -> 回答を選択すると解説が表示されます
B105: Q11 ／ 50
B106: 「ユーザーがクラウド上のグラフィックデザインアプリに月額料金でアクセス」のクラウドモデルはどれか？
B107: A | C107: IaaS
B108: B | C108: PaaS
B109: C | C109: SaaS
B110: D | C110: オンプレミス
B111: あなたの回答
B112: 結果 | C112: =IF(C111="","← A〜D を選択してください",IF(C111="C","✅ 正解！ 素晴らしいです！","❌ 不正解... 正解は C です！")) -> ← A〜D を選択してください
...

Sheet 問題集③（余った問題）
B2: CCST Networking 練習問題集
B3: 「あなたの回答」セルをクリック → ドロップダウンで A〜D を選択 → 自動で結果と解説が表示されます
B5: Q01 ／ 50
B6: ネットワークトラフィックをIPアドレス・ポート番号・アプリケーションに基づいて許可または拒否するデバイスはどれか？
B7: A | C7: ファイアウォール
B8: B | C8: アクセスポイント
B9: C | C9: VPNゲートウェイ
B10: D | C10: 侵入検知システム（IDS）
B11: あなたの回答
B12: 結果 | C12: =IF(C11="","← A〜D を選択してください",IF(C11="A","✅ 正解！ 素晴らしいです！","❌ 不正解... 正解は A です！")) -> ← A〜D を選択してください
B13: 解説 | C13: =IF(C11="","回答を選択すると解説が表示されます","正解はAです。 ファイアウォールはIPアドレス・ポート番号・プロトコル・アプリケーションに基づいてトラフィックをフィルタリングします。 アクセスポイントは無線接続の提供、VPNゲートウェイは暗号化通信の確立、IDSは不正検知が主な役割です。") -> 回答を選択すると解説が表示されます
B15: Q02 ／ 50
B16: VLAN2のコンピューターからVLAN2外のアドレスにpingが届かない場合、エンジニアが設定すべきものはどれか？
B17: A | C17: 追加のVLAN
B18: B | C18: デフォルトルート
B19: C | C19: デフォルトゲートウェイ
B20: D | C20: スタティックルート
B21: あなたの回答
B22: 結果 | C22: =IF(C21="","← A〜D を選択してください",IF(C21="C","✅ 正解！ 素晴らしいです！","❌ 不正解... 正解は C です！")) -> ← A〜D を選択してください
B23: 解説 | C23: =IF(C21="","回答を選択すると解説が表示されます","正解はCです。 異なるVLAN間の通信には、デフォルトゲートウェイ（Layer 3デバイス）が必要です。 VLAN2のコンピューターがVLAN2外に通信するには、ルーターまたはLayer 3スイッチのIPアドレスをデフォルトゲートウェイとして設定する必要があります。") -> 回答を選択すると解説が表示されます
B25: Q03 ／ 50
B26: Layer 2スイッチのmanagement VLANインターフェースにIPアドレスを割り当てる目的はどれか？
B27: A | C27: TelnetまたはSSHでスイッチのCLIにアクセスできるようにするため
B28: B | C28: スイッチがDHCPサービスを提供できるようにするため
B29: C | C29: スイッチがデフォルトゲートウェイとして機能できるようにするため
B30: D | C30: スイッチがURLを解決できるようにするため
B31: あなたの回答
B32: 結果 | C32: =IF(C31="","← A〜D を選択してください",IF(C31="A","✅ 正解！ 素晴らしいです！","❌ 不正解... 正解は A です！")) -> ← A〜D を選択してください
B33: 解説 | C33: =IF(C31="","回答を選択すると解説が表示されます","正解はAです。 Layer 2スイッチのManagement VLAN（通常はVLAN 1）にIPアドレスを設定することで、ネットワーク経由でTelnetやSSHを使用してスイッチのCLIにリモートアクセスできるようになります。") -> 回答を選択すると解説が表示されます
B35: Q04 ／ 50
B36: 4つのトラブルチケットのうち最優先で対応すべきはどれか？ A: プリンターを別のネットワークジャックに移設 B: 会議室でオンラインウェビナー中、ビデオ会議機器がインターネット接続不可 C: クラウドアプリのレスポンスが通常より遅い D: カフェテリアの無線アクセスが1時間前から停止
B37: A | C37: A: プリンターの移設
B38: B | C38: B: ウェビナー中の接続不可
B39: C | C39: C: クラウドアプリの遅延
B40: D | C40: D: カフェテリアのWi-Fi停止
B41: あなたの回答
B42: 結果 | C42: =IF(C41="","← A〜D を選択してください",IF(C41="B","✅ 正解！ 素晴らしいです！","❌ 不正解... 正解は B です！")) -> ← A〜D を選択してください
B43: 解説 | C43: =IF(C41="","回答を選択すると解説が表示されます","正解はBです。 リアルタイムで進行中のオンラインウェビナーへの影響は即時対応が必要です。 トラブルシューティングの優先順位は「ビジネスへの影響度」と「緊急性」に基づいて判断します。進行中のイベントへの影響が最も高優先度です。") -> 回答を選択すると解説が表示されます
B45: Q05 ／ 50
B46: /27（CIDR表記）を表すサブネットマスクはどれか？
B47: A | C47: 255.255.255.248
B48: B | C48: 255.255.255.240
B49: C | C49: 255.255.255.224
B50: D | C50: 255.255.255.192
B51: あなたの回答
B52: 結果 | C52: =IF(C51="","← A〜D を選択してください",IF(C51="C","✅ 正解！ 素晴らしいです！","❌ 不正解... 正解は C です！")) -> ← A〜D を選択してください
B53: 解説 | C53: =IF(C51="","回答を選択すると解説が表示されます","正解はCです。 /27はホスト部が5ビットです。 11111111.11111111.11111111.11100000 = 255.255.255.224 が/27のサブネットマスクです。 使用可能なホスト数は 2^5-2=30 個です。") -> 回答を選択すると解説が表示されます
B55: Q06 ／ 50
B56: TCP/IPモデルのデータリンク層に関連するプロトコルはどれか？
B57: A | C57: UDP
B58: B | C58: Ethernet
B59: C | C59: TCP
B60: D | C60: IP
B61: あなたの回答
B62: 結果 | C62: =IF(C61="","← A〜D を選択してください",IF(C61="B","✅ 正解！ 素晴らしいです！","❌ 不正解... 正解は B です！")) -> ← A〜D を選択してください
B63: 解説 | C63: =IF(C61="","回答を選択すると解説が表示されます","正解はBです。 EthernetはTCP/IPモデルのネットワークインターフェース層（データリンク層）に関連するプロトコルです。 UDP・TCPはトランスポート層、IPはインターネット層のプロトコルです。") -> 回答を選択すると解説が表示されます
B65: Q07 ／ 50
B66: TCPの特徴として正しいのはどれか？
B67: A | C67: フロー制御がある
B68: B | C68: UDPより転送が速い
B69: C | C69: ベストエフォート配信
B70: D | C70: コネクションレス
B71: あなたの回答
B72: 結果 | C72: =IF(C71="","← A〜D を選択してください",IF(C71="A","✅ 正解！ 素晴らしいです！","❌ 不正解... 正解は A です！")) -> ← A〜D を選択してください
B73: 解説 | C73: =IF(C71="","回答を選択すると解説が表示されます","正解はAです。 TCPはフロー制御（受信バッファの状態に合わせて送信量を調整）、順序保証、再送制御を持つ信頼性の高いプロトコルです。 UDPよりは遅いですが、確実なデータ配信が必要な場合に使用されます。") -> 回答を選択すると解説が表示されます
B75: Q08 ／ 50
B76: UDP通信が推奨されるトラフィックタイプはどれか？
B77: A | C77: 音声（VoIP）通話
B78: B | C78: FTPファイル転送
B79: C | C79: SSH接続
B80: D | C80: HTTPS通信
B81: あなたの回答
B82: 結果 | C82: =IF(C81="","← A〜D を選択してください",IF(C81="A","✅ 正解！ 素晴らしいです！","❌ 不正解... 正解は A です！")) -> ← A〜D を選択してください
B83: 解説 | C83: =IF(C81="","回答を選択すると解説が表示されます","正解はAです。 VoIP（音声通話）はリアルタイム性が最優先で、多少のパケットロスより遅延がない方が重要なため、UDPが適しています。 FTP・SSH・HTTPSは確実なデータ転送が必要なためTCPを使用します。") -> 回答を選択すると解説が表示されます
B85: Q09 ／ 50
B86: ワイヤレスSSIDの説明として正しいのはどれか？
B87: A | C87: サブネットの識別子
B88: B | C88: VLANの識別子
B89: C | C89: 無線ネットワークの名前（識別子）
B90: D | C90: ユーザー認証情報
B91: あなたの回答
B92: 結果 | C92: =IF(C91="","← A〜D を選択してください",IF(C91="C","✅ 正解！ 素晴らしいです！","❌ 不正解... 正解は C です！")) -> ← A〜D を選択してください
B93: 解説 | C93: =IF(C91="","回答を選択すると解説が表示されます","正解はCです。 SSID（Service Set Identifier）はWi-Fiネットワークの名前（識別子）です。 スマートフォンのWi-Fi設定画面に表示されるネットワーク名がSSIDです。パスワードとは別の概念です。") -> 回答を選択すると解説が表示されます
B95: Q10 ／ 50
B96: データのスループットを測定するパフォーマンステストツールはどれか？
B97: A | C97: iPerf
B98: B | C98: mtr
B99: C | C99: ping
B100: D | C100: tracert
B101: あなたの回答
B102: 結果 | C102: =IF(C101="","← A〜D を選択してください",IF(C101="A","✅ 正解！ 素晴らしいです！","❌ 不正解... 正解は A です！")) -> ← A〜D を選択してください
B103: 解説 | C103: =IF(C101="","回答を選択すると解説が表示されます","正解はAです。 iPerfはネットワークのスループット（実際の転送速度）を測定するツールです。 サーバー側とクライアント側でiPerfを起動し、実際のデータ転送速度を計測します。 pingは遅延測定、tracertは経路追跡、mtrはping+tracertの組み合わせです。") -> 回答を選択すると解説が表示されます
B105: Q11 ／ 50
B106: SSHのデフォルトポート番号とトランスポートプロトコルの組み合わせはどれか？
B107: A | C107: TCP 20
B108: B | C108: TCP 23
B109: C | C109: TCP 21
B110: D | C110: TCP 22
B111: あなたの回答
B112: 結果 | C112: =IF(C111="","← A〜D を選択してください",IF(C111="D","✅ 正解！ 素晴らしいです！","❌ 不正解... 正解は D です！")) -> ← A〜D を選択してください
...

Sheet スコア集計
B2: スコア集計
B3: 項目 | C3: 問題集① | D3: 問題集② | E3: 問題集③（余った問題）
B4: 総問題数 | C4: 50 | D4: 50 | E4: 60
B5: 正解数 | C5: =COUNTIF('問題集①'!C:C,"✅*") -> 0 | D5: =COUNTIF('問題集②'!C:C,"✅*") -> 0 | E5: =COUNTIF('問題集③（余った問題）'!C:C,"✅*") -> 0
B6: 不正解数 | C6: =COUNTIF('問題集①'!C:C,"❌*") -> 0 | D6: =COUNTIF('問題集②'!C:C,"❌*") -> 0 | E6: =COUNTIF('問題集③（余った問題）'!C:C,"❌*") -> 0
B7: 未回答 | C7: =50-COUNTIF('問題集①'!C:C,"✅*")-COUNTIF('問題集①'!C:C,"❌*") -> 50 | D7: =50-COUNTIF('問題集②'!C:C,"✅*")-COUNTIF('問題集②'!C:C,"❌*") -> 50 | E7: =50-COUNTIF('問題集③（余った問題）'!C:C,"✅*")-COUNTIF('問題集③（余った問題）'!C:C,"❌*") -> 50
B8: 正答率 | C8: =IFERROR(COUNTIF('問題集①'!C:C,"✅*")/50,0) -> 0 | D8: =IFERROR(COUNTIF('問題集②'!C:C,"✅*")/50,0) -> 0 | E8: =IFERROR(COUNTIF('問題集③（余った問題）'!C:C,"✅*")/50,0) -> 0
B10: 参考問題サイト ：https://quizlet.com/1022618278/2025-updated-100-150-ccst-networking-exam-questions-flash-cards/ ：https://examsland.com/free-practice-test/ccst-networking ：https://www.testpreplab.com/CCST-Networking-free-practice-test/
